dataset,average_time
10,0.000139515
20,0.000250502
30,0.000363212
40,0.000452475
50,0.000739116
60,0.000734629
70,0.000809151
80,0.000929951
90,0.00103151
100,0.00112485
