dataset,average_time
10,0.000173708
20,0.000348039
30,0.000458194
40,0.000621753
50,0.000745499
60,0.00090825
70,0.00103994
80,0.00120009
90,0.00236296
100,0.00278307
