dataset,average_time
10,0.000195233
20,0.000256719
30,0.000402594
40,0.000537779
50,0.000639798
60,0.000710996
70,0.00083154
80,0.000945117
90,0.00108833
100,0.00264795
