dataset,average_time
10,4.2201e-05
20,5.15689e-05
30,9.57047e-05
40,0.00010977
50,0.000117423
60,0.000180118
70,0.000181585
80,0.000202121
90,0.000215412
100,0.000508355
